2025-05-12T01:27:38.096Z, 310,294,1023,425,825,0,365,106,0
2025-05-12T01:27:38.130Z, 311,294,1023,424,824,0,364,106,0
2025-05-12T01:27:38.350Z, 311,293,1023,425,825,0,365,106,0
2025-05-12T01:27:38.740Z, 311,288,1023,426,826,0,365,106,0
2025-05-12T01:27:38.774Z, 311,283,1023,426,826,0,366,106,0
2025-05-12T01:27:38.814Z, 311,274,1023,425,826,0,365,106,0
2025-05-12T01:27:38.843Z, 310,267,1023,424,826,0,365,106,0
2025-05-12T01:27:38.878Z, 310,246,1023,426,825,0,366,106,0
2025-05-12T01:27:38.912Z, 311,218,1023,426,826,0,366,106,0
2025-05-12T01:27:38.946Z, 310,190,1023,425,826,0,365,106,0
2025-05-12T01:27:38.981Z, 310,159,1023,425,825,0,365,106,0
2025-05-12T01:27:39.017Z, 311,122,1023,427,825,0,366,106,0
2025-05-12T01:27:39.052Z, 310,80,1023,426,826,0,365,106,0
2025-05-12T01:27:39.081Z, 310,36,1023,425,826,0,365,106,0
2025-05-12T01:27:39.114Z, 311,0,1023,426,826,0,366,106,0
2025-05-12T01:27:39.468Z, 310,8,1023,425,825,0,365,106,0
2025-05-12T01:27:39.505Z, 311,29,1023,424,826,1,364,107,0
2025-05-12T01:27:39.534Z, 310,47,1023,426,826,0,365,105,0
2025-05-12T01:27:39.569Z, 312,64,1023,427,824,0,365,106,0
2025-05-12T01:27:39.603Z, 310,93,1023,425,826,0,365,106,0
2025-05-12T01:27:39.637Z, 311,122,1023,426,826,0,366,106,0
2025-05-12T01:27:39.669Z, 310,151,1023,426,826,0,365,106,0
2025-05-12T01:27:39.703Z, 310,177,1023,425,826,0,365,106,0
2025-05-12T01:27:39.737Z, 310,205,1023,426,825,0,365,106,0
2025-05-12T01:27:39.772Z, 310,232,1023,426,826,0,366,106,0
2025-05-12T01:27:39.806Z, 310,255,1023,426,825,0,365,106,0
2025-05-12T01:27:39.840Z, 310,271,1023,425,825,0,365,106,0
2025-05-12T01:27:39.875Z, 310,285,1023,426,825,0,366,106,0
2025-05-12T01:27:39.909Z, 310,298,1023,426,826,0,365,106,0
2025-05-12T01:27:39.943Z, 310,311,1023,425,825,0,365,106,0
2025-05-12T01:27:39.977Z, 310,325,1023,426,826,0,365,106,0
2025-05-12T01:27:40.012Z, 311,332,1023,427,826,0,366,106,0
2025-05-12T01:27:40.046Z, 310,333,1023,426,823,0,365,105,0
2025-05-12T01:27:40.080Z, 311,334,1023,424,826,0,364,107,0
2025-05-12T01:27:40.792Z, 310,333,1023,425,825,0,360,106,0
2025-05-12T01:27:40.826Z, 310,333,1023,426,825,0,354,106,0
2025-05-12T01:27:40.861Z, 311,332,1023,424,826,0,345,106,0
2025-05-12T01:27:40.895Z, 310,334,1023,425,825,0,334,105,0
2025-05-12T01:27:40.929Z, 310,333,1023,426,826,0,304,106,0
2025-05-12T01:27:40.964Z, 310,332,1023,425,826,0,263,106,0
2025-05-12T01:27:41.000Z, 310,333,1023,426,826,0,220,106,0
2025-05-12T01:27:41.033Z, 311,333,1023,426,826,0,167,107,0
2025-05-12T01:27:41.066Z, 310,333,1023,426,825,0,97,106,0
2025-05-12T01:27:41.100Z, 310,333,1023,425,826,0,42,106,0
2025-05-12T01:27:41.131Z, 312,334,1023,426,826,0,0,107,0
2025-05-12T01:27:41.469Z, 311,333,1023,425,825,0,15,106,0
2025-05-12T01:27:41.503Z, 311,332,1023,425,826,0,35,106,0
2025-05-12T01:27:41.536Z, 311,334,1023,426,825,0,56,107,0
2025-05-12T01:27:41.569Z, 312,334,1023,426,824,0,76,107,0
2025-05-12T01:27:41.604Z, 311,333,1023,425,826,0,106,107,0
2025-05-12T01:27:41.638Z, 311,333,1023,426,826,0,142,106,0
2025-05-12T01:27:41.677Z, 310,333,1023,426,826,0,175,106,0
2025-05-12T01:27:41.707Z, 310,333,1023,425,826,0,200,106,0
2025-05-12T01:27:41.744Z, 310,333,1023,425,826,0,221,106,0
2025-05-12T01:27:41.776Z, 311,333,1023,426,826,0,240,106,0
2025-05-12T01:27:41.810Z, 310,333,1023,426,826,0,256,106,0
2025-05-12T01:27:41.843Z, 310,333,1023,425,825,0,275,106,0
2025-05-12T01:27:41.878Z, 310,333,1023,426,826,0,298,106,0
2025-05-12T01:27:41.912Z, 311,334,1023,426,826,0,317,106,0
2025-05-12T01:27:41.946Z, 310,333,1023,425,826,0,332,106,0
2025-05-12T01:27:41.981Z, 310,333,1023,425,826,0,351,106,0
2025-05-12T01:27:42.015Z, 311,333,1023,427,826,0,375,106,0
2025-05-12T01:27:42.050Z, 310,333,1023,426,826,0,402,106,0
2025-05-12T01:27:42.087Z, 310,333,1023,425,826,0,428,106,0
2025-05-12T01:27:42.118Z, 310,333,1023,426,826,0,454,106,0
2025-05-12T01:27:42.154Z, 311,334,1023,426,826,0,474,106,0
2025-05-12T01:27:42.190Z, 310,333,1023,425,826,0,485,106,0
2025-05-12T01:27:42.221Z, 310,333,1023,425,825,0,492,106,0
2025-05-12T01:27:42.255Z, 310,333,1023,426,825,0,497,107,0
2025-05-12T01:27:42.290Z, 311,332,1023,424,826,0,500,106,0
2025-05-12T01:27:42.730Z, 310,333,1023,425,825,0,501,112,0
2025-05-12T01:27:42.766Z, 310,333,1023,426,825,0,502,119,0
2025-05-12T01:27:42.803Z, 311,333,1023,425,826,0,503,131,0
2025-05-12T01:27:42.833Z, 310,334,1023,425,825,0,503,145,0
2025-05-12T01:27:42.867Z, 310,333,1023,425,826,0,502,177,0
2025-05-12T01:27:42.902Z, 310,333,1023,425,825,0,501,215,0
2025-05-12T01:27:42.936Z, 310,334,1023,426,826,0,502,257,0
2025-05-12T01:27:42.973Z, 310,333,1023,426,826,0,502,303,0
2025-05-12T01:27:43.007Z, 310,333,1023,425,826,0,501,350,0
2025-05-12T01:27:43.039Z, 310,333,1023,425,826,0,502,396,0
2025-05-12T01:27:43.073Z, 311,333,1023,426,826,0,503,440,0
2025-05-12T01:27:43.112Z, 310,333,1023,425,826,0,502,477,0
2025-05-12T01:27:43.142Z, 310,333,1023,425,826,0,501,510,0
2025-05-12T01:27:43.176Z, 311,334,1023,426,826,0,502,543,0
2025-05-12T01:27:43.211Z, 310,333,1023,426,826,0,502,574,0
2025-05-12T01:27:43.249Z, 310,333,1023,426,826,0,502,598,0
2025-05-12T01:27:43.279Z, 311,333,1023,426,825,0,502,621,0
2025-05-12T01:27:43.314Z, 311,334,1023,426,826,0,503,644,0
2025-05-12T01:27:43.348Z, 310,333,1023,426,826,0,502,660,0
2025-05-12T01:27:43.404Z, 310,333,1023,425,825,0,502,670,0
2025-05-12T01:27:43.416Z, 311,334,1023,426,826,0,503,676,0
2025-05-12T01:27:43.450Z, 310,333,1023,426,824,0,502,668,0
2025-05-12T01:27:43.494Z, 311,334,1023,424,827,0,500,662,0
2025-05-12T01:27:43.519Z, 311,334,1023,425,825,0,502,653,0
2025-05-12T01:27:43.554Z, 311,334,1023,426,826,0,502,633,0
2025-05-12T01:27:43.588Z, 310,333,1023,426,826,0,501,602,0
2025-05-12T01:27:43.622Z, 310,333,1023,425,826,0,502,569,0
2025-05-12T01:27:43.663Z, 311,334,1023,426,826,0,502,538,0
2025-05-12T01:27:43.690Z, 310,333,1023,426,826,0,502,507,0
2025-05-12T01:27:43.725Z, 310,333,1023,425,826,0,501,477,0
2025-05-12T01:27:43.759Z, 310,333,1023,426,825,0,502,446,0
2025-05-12T01:27:43.794Z, 311,334,1023,426,826,0,503,411,0
2025-05-12T01:27:43.828Z, 310,333,1023,425,826,0,502,370,0
2025-05-12T01:27:43.862Z, 310,333,1023,425,826,0,502,328,0
2025-05-12T01:27:43.896Z, 311,334,1023,426,826,0,502,287,0
2025-05-12T01:27:43.931Z, 310,333,1023,426,826,0,502,246,0
2025-05-12T01:27:43.965Z, 310,333,1023,425,826,0,502,204,0
2025-05-12T01:27:44.000Z, 310,333,1023,425,826,0,502,161,0
2025-05-12T01:27:44.034Z, 310,334,1023,426,826,0,503,120,0
2025-05-12T01:27:44.069Z, 310,333,1023,425,825,0,502,78,0
2025-05-12T01:27:44.101Z, 310,333,1023,425,826,0,502,47,0
2025-05-12T01:27:44.134Z, 311,334,1023,426,826,0,503,25,0
2025-05-12T01:27:44.166Z, 311,333,1023,425,826,0,502,8,0
2025-05-12T01:27:44.198Z, 310,333,1023,425,826,0,502,0,0
2025-05-12T01:27:44.230Z, 310,333,1023,424,826,0,500,0,0
2025-05-12T01:27:45.161Z, 311,334,1023,426,825,0,503,0,0
2025-05-12T01:27:45.316Z, 310,333,1023,425,825,0,500,0,0
2025-05-12T14:11:53.871Z, 194,261,1023,425,825,0,213,0,0
2025-05-12T14:11:53.899Z, 194,260,1023,424,826,0,208,0,0
2025-05-12T14:11:53.931Z, 194,261,1023,424,824,0,203,0,0
2025-05-12T14:11:53.963Z, 194,260,1023,425,824,0,198,0,0
2025-05-12T14:11:53.995Z, 195,261,1023,424,823,0,192,0,0
2025-05-12T14:11:54.027Z, 195,261,1023,425,826,0,189,0,0
2025-05-12T14:11:54.059Z, 194,262,1023,425,826,0,185,0,0
2025-05-12T14:11:54.092Z, 194,262,1023,425,825,0,182,0,0
2025-05-12T14:11:54.124Z, 193,261,1023,424,826,0,179,0,0
2025-05-12T14:11:54.278Z, 194,261,1023,425,825,0,186,0,0
2025-05-12T14:11:54.311Z, 194,260,1023,424,826,0,192,0,0
2025-05-12T14:11:54.343Z, 193,262,1022,424,826,0,201,0,0
2025-05-12T14:11:54.373Z, 193,261,1023,426,823,0,209,0,0
2025-05-12T14:11:54.406Z, 194,261,1023,425,825,0,221,0,0
2025-05-12T14:11:54.438Z, 194,261,1023,425,826,0,243,0,0
2025-05-12T14:11:54.470Z, 194,261,1023,425,826,0,267,0,0
2025-05-12T14:11:54.502Z, 194,261,1023,425,825,0,289,0,0
2025-05-12T14:11:54.535Z, 194,261,1023,425,825,0,306,0,0
2025-05-12T14:11:54.567Z, 194,261,1023,425,825,0,321,0,0
2025-05-12T14:11:54.600Z, 194,261,1023,425,826,0,334,0,0
2025-05-12T14:11:54.631Z, 194,261,1023,425,825,0,347,0,0
2025-05-12T14:11:54.664Z, 194,261,1023,425,825,0,361,0,0
2025-05-12T14:11:54.695Z, 194,261,1023,425,826,0,374,0,0
2025-05-12T14:11:54.728Z, 194,261,1023,425,826,0,385,0,0
2025-05-12T14:11:54.760Z, 194,261,1023,425,825,0,394,0,0
2025-05-12T14:11:54.793Z, 194,261,1023,425,825,0,402,0,0
2025-05-12T14:11:54.825Z, 194,261,1023,425,825,0,407,0,0
2025-05-12T14:11:54.857Z, 194,261,1023,425,826,0,412,0,0
2025-05-12T14:11:54.889Z, 194,261,1023,425,825,0,417,0,0
2025-05-12T14:11:54.921Z, 194,261,1023,425,825,0,421,0,0
2025-05-12T14:11:54.954Z, 194,261,1023,425,826,0,425,0,0
2025-05-12T14:11:54.985Z, 193,262,1023,423,826,0,429,0,0
2025-05-12T14:11:55.105Z, 194,261,1023,424,825,0,426,0,0
2025-05-12T14:11:55.138Z, 194,260,1023,424,826,0,419,0,0
2025-05-12T14:11:55.170Z, 193,261,1023,424,826,0,411,0,0
2025-05-12T14:11:55.202Z, 193,261,1023,425,824,0,399,0,0
2025-05-12T14:11:55.235Z, 194,261,1023,425,825,0,381,0,0
2025-05-12T14:11:55.266Z, 194,261,1023,425,825,0,354,0,0
2025-05-12T14:11:55.299Z, 194,261,1023,425,826,0,327,0,0
2025-05-12T14:11:55.332Z, 194,261,1023,425,825,0,305,0,0
2025-05-12T14:11:55.363Z, 194,261,1023,425,825,0,289,0,0
2025-05-12T14:11:55.396Z, 194,261,1023,425,826,0,281,0,0
2025-05-12T14:11:55.429Z, 194,261,1023,425,825,0,275,0,0
2025-05-12T14:11:55.460Z, 193,261,1023,424,826,0,272,0,0
2025-05-12T14:11:55.496Z, 194,260,1023,424,825,0,269,0,0
2025-05-12T14:11:56.916Z, 194,261,1023,424,825,0,269,12,0
2025-05-12T14:11:56.949Z, 194,260,1023,425,826,0,270,27,0
2025-05-12T14:11:56.983Z, 194,262,1023,425,826,1,269,41,0
2025-05-12T14:11:57.016Z, 194,261,1023,425,824,0,270,56,0
2025-05-12T14:11:57.049Z, 194,261,1023,425,826,0,270,78,0
2025-05-12T14:11:57.083Z, 194,261,1023,425,826,0,270,106,0
2025-05-12T14:11:57.118Z, 194,261,1023,425,826,0,270,136,0
2025-05-12T14:11:57.152Z, 194,261,1023,425,826,0,270,166,0
2025-05-12T14:11:57.186Z, 194,260,1023,425,825,0,270,197,0
2025-05-12T14:11:57.221Z, 194,261,1023,425,826,0,270,226,0
2025-05-12T14:11:57.256Z, 194,261,1023,425,825,0,270,253,0
2025-05-12T14:11:57.289Z, 194,261,1023,425,826,0,270,281,0
2025-05-12T14:11:57.324Z, 194,261,1023,425,826,0,270,308,0
2025-05-12T14:11:57.358Z, 194,261,1023,425,825,0,270,330,0
2025-05-12T14:11:57.399Z, 194,261,1023,425,826,0,269,347,0
2025-05-12T14:11:57.426Z, 194,261,1023,425,826,0,270,358,0
2025-05-12T14:11:57.461Z, 194,261,1023,425,825,0,270,364,0
2025-05-12T14:11:57.495Z, 194,261,1023,425,825,0,270,367,0
2025-05-12T14:11:57.539Z, 195,261,1023,425,823,0,270,367,0
2025-05-12T14:11:57.564Z, 194,262,1023,424,826,0,268,367,0
2025-05-12T14:11:57.598Z, 194,262,1023,425,825,0,270,364,0
2025-05-12T14:11:57.632Z, 194,261,1023,425,826,0,270,356,0
2025-05-12T14:11:57.667Z, 194,261,1023,425,826,0,270,343,0
2025-05-12T14:11:57.701Z, 194,261,1023,425,826,0,270,324,0
2025-05-12T14:11:57.736Z, 194,261,1023,425,825,0,270,302,0
2025-05-12T14:11:57.770Z, 194,261,1023,425,826,0,270,279,0
2025-05-12T14:11:57.806Z, 194,261,1023,425,826,0,269,254,0
2025-05-12T14:11:57.839Z, 194,261,1023,425,825,0,270,229,0
2025-05-12T14:11:57.872Z, 194,261,1023,425,825,0,270,204,0
2025-05-12T14:11:57.907Z, 194,261,1023,425,826,0,270,177,0
2025-05-12T14:11:57.941Z, 194,261,1023,425,826,0,270,155,0
2025-05-12T14:11:57.976Z, 194,261,1023,425,826,0,270,139,0
2025-05-12T14:11:58.011Z, 194,261,1023,425,825,0,270,127,0
2025-05-12T14:11:58.044Z, 194,261,1023,425,825,0,270,116,0
2025-05-12T14:11:58.078Z, 194,261,1023,425,825,0,270,109,0
2025-05-12T14:11:58.113Z, 194,261,1023,425,825,0,270,106,0
2025-05-12T14:11:58.147Z, 194,261,1023,425,826,0,270,103,0
2025-05-12T14:11:58.181Z, 194,261,1023,425,826,0,270,99,0
2025-05-12T14:11:58.214Z, 194,261,1023,425,826,0,270,96,0
2025-05-12T14:11:58.247Z, 194,261,1023,425,826,0,270,89,0
2025-05-12T14:11:58.280Z, 194,261,1023,425,826,0,270,81,0
2025-05-12T14:11:58.315Z, 194,261,1023,425,826,0,271,73,0
2025-05-12T14:11:58.347Z, 195,262,1023,425,826,0,270,68,0
2025-05-12T14:11:58.380Z, 194,261,1023,425,825,0,269,64,0
2025-05-12T14:12:00.309Z, 194,261,1023,425,825,14,269,65,0
2025-05-12T14:12:00.344Z, 193,262,1023,425,825,39,271,65,0
2025-05-12T14:12:00.378Z, 196,260,1023,424,826,73,269,64,0
2025-05-12T14:12:00.413Z, 193,261,1023,424,825,103,270,64,0
2025-05-12T14:12:00.450Z, 194,261,1023,425,826,164,270,66,0
2025-05-12T14:12:00.486Z, 194,261,1023,425,825,224,271,64,0
2025-05-12T14:12:00.519Z, 194,261,1023,425,826,276,270,66,0
2025-05-12T14:12:00.554Z, 194,261,1023,425,825,309,270,64,0
2025-05-12T14:12:00.590Z, 194,261,1023,425,826,341,270,66,0
2025-05-12T14:12:00.627Z, 195,262,1023,425,826,367,270,64,0
2025-05-12T14:12:00.662Z, 194,261,1023,425,826,381,270,66,0
2025-05-12T14:12:00.696Z, 194,261,1023,425,825,387,270,66,0
2025-05-12T14:12:00.731Z, 193,261,1022,423,825,392,270,65,0
2025-05-12T14:12:00.766Z, 193,261,1023,424,825,398,270,65,0
2025-05-12T14:12:00.802Z, 195,261,1023,425,826,404,270,64,0
2025-05-12T14:12:00.838Z, 194,261,1023,425,826,410,270,64,0
2025-05-12T14:12:00.872Z, 194,261,1023,425,826,414,270,66,0
2025-05-12T14:12:00.910Z, 193,261,1022,423,825,419,270,65,0
2025-05-12T14:12:00.944Z, 193,261,1022,424,825,423,270,65,0
2025-05-12T14:12:00.978Z, 194,261,1023,425,826,427,271,64,0
2025-05-12T14:12:01.014Z, 194,261,1023,425,826,434,270,64,0
2025-05-12T14:12:01.050Z, 194,261,1023,425,825,441,270,66,0
2025-05-12T14:12:01.186Z, 194,261,1023,425,825,445,270,64,0
2025-05-12T14:12:01.221Z, 193,262,1023,425,824,448,271,65,0
2025-05-12T14:12:01.274Z, 194,261,1023,425,825,452,269,65,0
2025-05-12T14:12:01.309Z, 193,262,1023,425,824,455,270,65,0
2025-05-12T14:12:01.357Z, 194,262,1023,424,824,458,271,64,0
2025-05-12T14:12:01.380Z, 194,262,1023,426,823,457,270,66,0
2025-05-12T14:12:01.416Z, 194,260,1023,425,826,459,271,65,0
2025-05-12T14:12:01.499Z, 194,261,1023,425,825,453,269,65,0
2025-05-12T14:12:01.536Z, 193,262,1023,425,824,447,270,65,0
2025-05-12T14:12:01.570Z, 194,261,1023,425,826,436,270,64,0
2025-05-12T14:12:01.605Z, 194,261,1023,425,826,420,270,65,0
2025-05-12T14:12:01.640Z, 194,261,1023,425,826,396,270,66,0
2025-05-12T14:12:01.678Z, 194,261,1023,425,826,368,270,65,0
2025-05-12T14:12:01.716Z, 195,261,1023,425,825,351,270,66,0
2025-05-12T14:12:01.750Z, 194,261,1023,425,825,345,270,66,0
2025-05-12T14:12:01.782Z, 194,261,1023,425,825,340,270,64,0
2025-05-12T14:12:01.817Z, 194,261,1023,425,825,337,269,64,0
2025-05-12T14:12:02.326Z, 194,261,1023,425,834,338,270,64,0
2025-05-12T14:12:02.362Z, 193,262,1023,425,842,338,271,64,0
2025-05-12T14:12:02.397Z, 194,262,1023,425,859,339,269,64,0
2025-05-12T14:12:02.434Z, 194,261,1023,425,880,337,270,66,0
2025-05-12T14:12:02.467Z, 194,261,1023,425,924,338,271,64,0
2025-05-12T14:12:02.503Z, 195,261,1023,425,981,337,270,64,0
2025-05-12T14:12:02.543Z, 194,261,1023,425,1023,337,270,65,0
2025-05-12T14:12:03.082Z, 195,261,1023,425,1007,338,270,64,0
2025-05-12T14:12:03.118Z, 194,261,1023,425,987,339,269,65,0
2025-05-12T14:12:03.156Z, 193,261,1023,424,968,337,270,65,0
2025-05-12T14:12:03.189Z, 195,261,1023,425,942,337,271,64,0
2025-05-12T14:12:03.224Z, 194,261,1023,425,897,337,270,65,0
2025-05-12T14:12:03.260Z, 194,261,1023,425,862,337,270,66,0
2025-05-12T14:12:03.299Z, 195,261,1023,425,824,337,270,64,0
2025-05-12T14:12:03.330Z, 194,261,1023,425,790,337,270,66,0
2025-05-12T14:12:03.366Z, 194,261,1023,425,758,337,270,64,0
2025-05-12T14:12:03.401Z, 194,261,1023,425,722,337,270,65,0
2025-05-12T14:12:03.436Z, 194,261,1023,425,680,337,270,65,0
2025-05-12T14:12:03.471Z, 195,261,1023,425,635,337,270,66,0
2025-05-12T14:12:03.507Z, 195,260,1023,425,586,337,270,65,0
2025-05-12T14:12:03.542Z, 194,261,1023,425,534,337,270,64,0
2025-05-12T14:12:03.578Z, 194,261,1023,425,475,337,270,66,0
2025-05-12T14:12:03.614Z, 194,261,1023,425,417,337,270,64,0
2025-05-12T14:12:03.648Z, 194,261,1023,425,373,337,271,64,0
2025-05-12T14:12:03.683Z, 195,261,1023,425,339,337,271,64,0
2025-05-12T14:12:03.719Z, 194,261,1023,425,314,337,271,65,0
2025-05-12T14:12:03.754Z, 195,261,1023,425,294,337,270,64,0
2025-05-12T14:12:03.789Z, 195,261,1023,425,276,337,270,64,0
2025-05-12T14:12:03.826Z, 194,261,1023,425,258,337,270,65,0
2025-05-12T14:12:03.861Z, 194,261,1023,425,243,337,270,66,0
2025-05-12T14:12:03.896Z, 194,261,1023,425,225,337,270,65,0
2025-05-12T14:12:03.931Z, 194,261,1023,425,208,337,270,64,0
2025-05-12T14:12:03.966Z, 195,261,1023,425,199,337,271,64,0
2025-05-12T14:12:04.001Z, 194,261,1023,425,191,337,270,65,0
2025-05-12T14:12:04.459Z, 194,261,1023,425,194,338,270,64,0
2025-05-12T14:12:04.495Z, 193,262,1023,425,201,338,270,64,0
2025-05-12T14:12:04.530Z, 194,261,1023,425,209,339,269,64,0
2025-05-12T14:12:04.565Z, 194,261,1023,425,221,337,271,64,0
2025-05-12T14:12:04.601Z, 195,261,1023,425,247,337,271,64,0
2025-05-12T14:12:04.636Z, 195,261,1023,425,280,337,271,64,0
2025-05-12T14:12:04.672Z, 194,261,1023,425,309,337,270,64,0
2025-05-12T14:12:04.709Z, 195,261,1023,425,323,337,270,64,0
2025-05-12T14:12:04.743Z, 195,261,1023,425,327,337,270,64,0
2025-05-12T14:12:05.082Z, 194,261,1023,425,324,338,270,65,0
2025-05-12T14:12:05.117Z, 193,262,1023,425,320,338,270,64,0
2025-05-12T14:12:05.152Z, 194,262,1023,425,312,338,269,64,0
2025-05-12T14:12:05.188Z, 195,261,1023,425,301,337,270,64,0
2025-05-12T14:12:05.225Z, 194,261,1023,425,274,337,270,66,0
2025-05-12T14:12:05.259Z, 194,261,1023,425,245,337,270,64,0
2025-05-12T14:12:05.294Z, 194,261,1023,425,226,337,270,65,0
2025-05-12T14:12:05.329Z, 194,261,1023,425,215,337,271,64,0
2025-05-12T14:12:05.365Z, 194,261,1023,425,208,337,270,66,0
2025-05-12T14:12:06.567Z, 199,261,1023,425,206,338,270,64,0
2025-05-12T14:12:06.602Z, 202,262,1023,426,207,337,270,65,0
2025-05-12T14:12:06.637Z, 211,261,1023,424,206,338,269,64,0
2025-05-12T14:12:06.673Z, 219,261,1023,425,207,337,271,65,0
2025-05-12T14:12:06.710Z, 237,261,1023,425,207,337,270,66,0
2025-05-12T14:12:06.743Z, 262,261,1023,425,207,336,270,65,0
2025-05-12T14:12:06.779Z, 288,261,1023,425,207,337,270,65,0
2025-05-12T14:12:06.814Z, 310,261,1023,425,207,337,271,64,0
2025-05-12T14:12:06.850Z, 327,261,1023,425,207,337,270,64,0
2025-05-12T14:12:06.885Z, 344,261,1023,425,207,337,271,65,0
2025-05-12T14:12:06.920Z, 366,261,1023,425,207,337,270,64,0
2025-05-12T14:12:06.955Z, 387,261,1023,425,207,337,270,65,0
2025-05-12T14:12:06.994Z, 405,261,1023,425,207,337,270,65,0
2025-05-12T14:12:07.026Z, 421,261,1023,425,207,337,271,64,0
2025-05-12T14:12:07.062Z, 433,261,1023,425,207,337,270,65,0
2025-05-12T14:12:07.097Z, 440,261,1023,425,207,337,270,64,0
2025-05-12T14:12:07.132Z, 447,261,1023,425,207,337,271,64,0
2025-05-12T14:12:07.168Z, 453,261,1023,425,207,337,271,65,0
2025-05-12T14:12:07.203Z, 460,261,1023,425,207,337,271,64,0
2025-05-12T14:12:07.238Z, 469,261,1023,425,207,337,271,64,0
2025-05-12T14:12:07.276Z, 482,261,1023,425,207,337,271,65,0
2025-05-12T14:12:07.309Z, 498,261,1023,425,207,337,270,65,0
2025-05-12T14:12:07.344Z, 513,261,1023,425,207,337,271,64,0
2025-05-12T14:12:07.380Z, 524,261,1023,425,207,337,270,64,0
2025-05-12T14:12:07.415Z, 535,261,1023,425,207,337,271,65,0
2025-05-12T14:12:07.451Z, 544,261,1023,425,207,337,270,64,0
2025-05-12T14:12:07.486Z, 554,261,1023,425,207,337,271,64,0
2025-05-12T14:12:07.521Z, 565,261,1023,425,207,337,270,64,0
2025-05-12T14:12:07.558Z, 574,261,1023,425,207,337,270,64,0
2025-05-12T14:12:07.594Z, 580,261,1023,425,207,337,270,64,0
2025-05-12T14:12:07.627Z, 585,261,1023,425,207,337,270,65,0
2025-05-12T14:12:07.663Z, 590,261,1023,424,206,339,269,64,0
2025-05-12T14:12:07.698Z, 595,260,1023,425,206,338,270,65,0
2025-05-12T14:12:07.733Z, 598,260,1023,425,206,338,269,65,0
2025-05-12T14:12:07.768Z, 601,262,1023,424,205,339,269,65,0
2025-05-12T14:12:07.836Z, 604,261,1023,425,206,338,269,64,0
2025-05-12T14:12:07.905Z, 607,261,1023,425,206,338,270,65,0
2025-05-12T14:12:08.109Z, 599,261,1023,425,206,338,270,64,0
2025-05-12T14:12:08.144Z, 591,262,1023,426,206,337,271,64,0
2025-05-12T14:12:08.179Z, 583,261,1023,425,205,339,270,64,0
2025-05-12T14:12:08.215Z, 574,261,1023,425,207,337,270,66,0
2025-05-12T14:12:08.250Z, 546,261,1023,425,207,336,271,64,0
2025-05-12T14:12:08.286Z, 518,261,1023,425,207,336,270,65,0
2025-05-12T14:12:08.321Z, 493,261,1023,425,207,337,270,65,0
2025-05-12T14:12:08.357Z, 469,261,1023,425,207,337,271,65,0
2025-05-12T14:12:08.392Z, 448,261,1023,425,207,337,271,65,0
2025-05-12T14:12:08.427Z, 434,261,1023,425,207,337,271,64,0
2025-05-12T14:12:08.463Z, 415,261,1023,425,207,337,271,65,0
2025-05-12T14:12:08.498Z, 394,261,1023,425,207,337,270,65,0
2025-05-12T14:12:08.533Z, 375,261,1023,425,207,337,271,64,0
2025-05-12T14:12:08.568Z, 359,261,1023,425,207,336,271,65,0
2025-05-12T14:12:08.605Z, 347,261,1023,425,207,337,270,64,0
2025-05-12T14:12:08.643Z, 332,261,1023,425,207,337,270,64,0
2025-05-12T14:12:08.675Z, 315,261,1023,425,207,337,271,64,0
2025-05-12T14:12:08.710Z, 300,261,1023,425,207,337,271,64,0
2025-05-12T14:12:08.745Z, 287,261,1023,425,207,337,270,64,0
2025-05-12T14:12:08.781Z, 272,261,1023,425,207,337,270,65,0
2025-05-12T14:12:08.816Z, 256,261,1023,425,207,337,270,64,0
2025-05-12T14:12:08.851Z, 240,261,1023,425,207,337,271,64,0
2025-05-12T14:12:08.887Z, 228,261,1023,425,207,337,271,65,0
2025-05-12T14:12:08.922Z, 219,261,1023,425,207,337,270,64,0
2025-05-12T14:12:08.961Z, 210,261,1023,425,207,337,271,65,0
2025-05-12T14:12:08.993Z, 198,261,1023,425,207,337,270,64,0
2025-05-12T14:12:09.029Z, 193,261,1023,425,207,337,270,65,0
2025-05-12T14:12:10.601Z, 193,261,1020,425,206,337,270,65,0
2025-05-12T14:12:10.637Z, 192,262,1011,425,207,337,270,64,0
2025-05-12T14:12:10.674Z, 192,262,1003,425,206,338,270,64,0
2025-05-12T14:12:10.707Z, 192,261,995,425,207,337,271,64,0
2025-05-12T14:12:10.742Z, 193,261,978,425,207,337,270,65,0
2025-05-12T14:12:10.775Z, 193,261,959,425,207,337,270,65,0
2025-05-12T14:12:10.810Z, 193,261,942,425,207,337,270,64,0
2025-05-12T14:12:10.844Z, 193,261,929,425,207,337,270,64,0
2025-05-12T14:12:10.878Z, 193,261,923,425,207,336,270,64,0
2025-05-12T14:12:10.912Z, 193,260,919,424,206,338,270,64,0
2025-05-12T14:12:10.947Z, 193,262,914,424,206,338,269,64,0
2025-05-12T14:12:10.982Z, 193,261,909,425,207,337,270,65,0
2025-05-12T14:12:11.016Z, 193,260,903,424,206,339,269,64,0
2025-05-12T14:12:11.051Z, 192,260,897,424,205,338,271,64,0
2025-05-12T14:12:11.085Z, 192,261,889,425,207,337,270,64,0
2025-05-12T14:12:11.392Z, 192,261,884,425,206,338,270,65,0
2025-05-12T14:12:11.424Z, 193,261,879,426,207,337,270,65,0
2025-05-12T14:12:11.458Z, 193,261,872,424,206,339,269,64,0
2025-05-12T14:12:11.493Z, 192,260,864,424,205,338,271,64,0
2025-05-12T14:12:11.527Z, 192,261,842,425,207,337,270,65,0
2025-05-12T14:12:11.561Z, 193,261,817,425,207,337,270,64,0
2025-05-12T14:12:11.595Z, 193,261,793,425,207,337,270,64,0
2025-05-12T14:12:11.630Z, 193,261,769,425,207,337,270,64,0
2025-05-12T14:12:11.664Z, 192,261,746,425,207,337,270,64,0
2025-05-12T14:12:11.698Z, 193,261,723,425,207,337,270,64,0
2025-05-12T14:12:11.733Z, 193,261,703,425,207,337,270,65,0
2025-05-12T14:12:11.768Z, 193,261,681,425,207,337,270,65,0
2025-05-12T14:12:11.801Z, 193,261,663,425,207,337,270,64,0
2025-05-12T14:12:11.836Z, 192,261,645,425,207,337,270,65,0
2025-05-12T14:12:11.871Z, 192,261,629,425,207,337,270,65,0
2025-05-12T14:12:11.904Z, 192,261,613,425,207,337,270,65,0
2025-05-12T14:12:11.941Z, 192,261,597,425,207,337,270,64,0
2025-05-12T14:12:11.975Z, 193,261,578,425,207,336,270,64,0
2025-05-12T14:12:12.008Z, 193,261,559,425,207,337,270,64,0
2025-05-12T14:12:12.042Z, 193,261,540,425,207,337,270,64,0
2025-05-12T14:12:12.076Z, 192,261,519,425,207,337,270,65,0
2025-05-12T14:12:12.110Z, 192,261,498,425,207,336,270,64,0
2025-05-12T14:12:12.145Z, 192,261,476,425,207,337,270,65,0
2025-05-12T14:12:12.179Z, 193,261,453,425,207,337,270,64,0
2025-05-12T14:12:12.213Z, 193,261,428,425,207,337,270,65,0
2025-05-12T14:12:12.248Z, 192,261,401,425,207,337,270,64,0
2025-05-12T14:12:12.282Z, 192,261,377,425,207,337,270,64,0
2025-05-12T14:12:12.316Z, 193,261,363,425,207,337,270,65,0
2025-05-12T14:12:12.351Z, 193,261,357,425,207,337,270,65,0
2025-05-12T14:12:13.787Z, 192,256,356,425,206,337,270,64,0
2025-05-12T14:12:13.823Z, 193,248,355,425,207,337,270,64,0
2025-05-12T14:12:13.857Z, 193,238,357,424,206,339,270,64,0
2025-05-12T14:12:13.890Z, 192,225,357,424,205,338,271,64,0
2025-05-12T14:12:13.925Z, 193,201,356,425,207,337,270,65,0
2025-05-12T14:12:13.959Z, 192,171,355,424,207,337,270,65,0
2025-05-12T14:12:13.993Z, 193,141,356,425,207,337,270,65,0
2025-05-12T14:12:14.027Z, 193,111,355,425,207,337,270,65,0
2025-05-12T14:12:14.060Z, 192,83,356,424,207,337,270,65,0
2025-05-12T14:12:14.094Z, 192,59,356,425,207,337,270,66,0
2025-05-12T14:12:14.127Z, 192,37,356,425,207,337,270,65,0
2025-05-12T14:12:14.159Z, 192,9,356,425,207,337,270,66,0
2025-05-12T14:12:14.192Z, 192,0,356,425,207,337,270,65,0
2025-05-12T14:12:14.596Z, 192,6,356,424,206,338,270,65,0
2025-05-12T14:12:14.630Z, 192,15,356,424,206,338,269,65,0
2025-05-12T14:12:14.663Z, 191,23,357,424,206,338,269,64,0
2025-05-12T14:12:14.696Z, 193,28,355,425,207,337,269,64,0
2025-05-12T14:12:14.729Z, 192,33,356,425,207,337,270,66,0
2025-05-12T14:12:14.763Z, 192,36,357,423,206,338,269,65,0
2025-05-12T14:12:15.017Z, 192,39,356,424,206,338,270,64,0
2025-05-12T14:12:15.050Z, 193,43,356,424,206,338,270,65,0
2025-05-12T14:12:15.083Z, 193,49,355,425,206,336,270,65,0
2025-05-12T14:12:15.117Z, 193,56,356,425,206,337,270,66,0
2025-05-12T14:12:15.150Z, 192,75,356,425,207,337,270,65,0
2025-05-12T14:12:15.184Z, 192,107,356,425,207,336,270,66,0
2025-05-12T14:12:15.219Z, 193,148,356,425,207,336,270,65,0
2025-05-12T14:12:15.253Z, 193,186,355,424,207,337,270,65,0
2025-05-12T14:12:15.287Z, 193,229,355,425,207,337,269,64,0
2025-05-12T14:12:15.323Z, 192,272,355,425,207,337,270,64,0
2025-05-12T14:12:15.356Z, 192,312,356,425,207,337,270,65,0
2025-05-12T14:12:15.391Z, 193,350,356,425,207,337,270,65,0
2025-05-12T14:12:15.425Z, 193,391,356,425,207,337,270,64,0
2025-05-12T14:12:15.459Z, 193,434,356,425,207,336,270,65,0
2025-05-12T14:12:15.493Z, 192,475,356,425,207,337,270,65,0
2025-05-12T14:12:15.528Z, 193,519,356,425,207,337,270,65,0
2025-05-12T14:12:15.562Z, 192,559,356,425,207,337,270,65,0
2025-05-12T14:12:15.596Z, 193,589,356,425,207,337,270,64,0
2025-05-12T14:12:15.626Z, 192,609,356,425,207,337,270,64,0
2025-05-12T14:12:15.660Z, 193,626,356,425,207,337,270,65,0
2025-05-12T14:12:15.694Z, 193,640,356,425,207,337,270,64,0
2025-05-12T14:12:15.728Z, 192,654,356,425,207,337,270,64,0
2025-05-12T14:12:15.763Z, 193,670,356,425,207,337,270,65,0
2025-05-12T14:12:15.797Z, 193,683,356,425,207,337,270,64,0
2025-05-12T14:12:15.831Z, 192,693,356,424,207,337,270,64,0
2025-05-12T14:12:15.866Z, 192,703,356,424,207,337,270,64,0
2025-05-12T14:12:15.901Z, 193,715,356,425,207,336,270,65,0
2025-05-12T14:12:15.934Z, 192,727,356,425,207,337,270,65,0
2025-05-12T14:12:15.969Z, 193,733,356,425,207,337,270,65,0
2025-05-12T14:12:16.003Z, 192,738,356,425,207,337,270,64,0
2025-05-12T14:12:16.037Z, 193,743,355,425,207,337,270,65,0
2025-05-12T14:12:16.072Z, 192,749,356,424,207,337,270,64,0
2025-05-12T14:12:16.106Z, 192,753,356,425,207,337,270,65,0
2025-05-12T14:12:16.140Z, 193,757,357,423,207,337,270,65,0
2025-05-12T14:12:16.175Z, 193,761,356,424,206,339,269,66,0
2025-05-12T14:12:16.228Z, 193,764,356,425,206,337,270,64,0
2025-05-12T14:12:16.397Z, 193,767,356,425,206,338,270,64,0
2025-05-12T14:12:16.432Z, 192,774,358,424,205,337,269,64,0
2025-05-12T14:12:16.469Z, 192,783,357,424,206,337,269,65,0
2025-05-12T14:12:16.502Z, 193,786,356,425,207,337,270,65,0
2025-05-12T14:12:16.538Z, 193,791,357,424,206,338,269,65,0
2025-05-12T14:12:16.571Z, 192,796,357,424,205,339,271,64,0
2025-05-12T14:12:16.605Z, 193,806,356,424,207,337,270,65,0
2025-05-12T14:12:16.639Z, 193,812,356,425,207,337,270,64,0
2025-05-12T14:12:16.673Z, 193,815,356,425,207,337,270,64,0
2025-05-12T14:12:16.708Z, 193,821,356,425,207,337,270,65,0
2025-05-12T14:12:16.743Z, 193,828,356,425,207,337,270,65,0
2025-05-12T14:12:16.776Z, 193,832,356,425,207,337,270,64,0
2025-05-12T14:12:16.811Z, 193,837,356,425,207,337,270,65,0
2025-05-12T14:12:16.845Z, 192,841,356,425,207,337,270,64,0
2025-05-12T14:12:16.880Z, 193,845,357,424,206,337,270,65,0
2025-05-12T14:12:16.913Z, 193,849,356,423,206,339,269,66,0
2025-05-12T14:12:16.986Z, 192,845,357,425,206,338,270,64,0
2025-05-12T14:12:17.018Z, 193,838,356,425,207,337,270,64,0
2025-05-12T14:12:17.052Z, 194,833,357,424,206,339,269,64,0
2025-05-12T14:12:17.086Z, 192,829,358,424,205,338,271,64,0
2025-05-12T14:12:17.120Z, 193,823,356,425,207,337,270,64,0
2025-05-12T14:12:17.155Z, 192,808,356,425,207,337,270,65,0
2025-05-12T14:12:17.189Z, 192,784,356,425,207,336,270,65,0
2025-05-12T14:12:17.224Z, 193,754,356,425,207,337,270,64,0
2025-05-12T14:12:17.258Z, 193,717,356,425,207,337,270,65,0
2025-05-12T14:12:17.292Z, 193,676,356,425,207,337,270,64,0
2025-05-12T14:12:17.327Z, 193,625,356,425,207,337,270,65,0
2025-05-12T14:12:17.360Z, 193,566,355,425,207,337,270,64,0
2025-05-12T14:12:17.395Z, 193,513,356,425,207,336,270,65,0
2025-05-12T14:12:17.429Z, 192,461,356,425,207,337,270,64,0
2025-05-12T14:12:17.463Z, 193,410,356,425,207,337,270,65,0
2025-05-12T14:12:17.497Z, 192,368,356,425,207,337,270,64,0
2025-05-12T14:12:17.532Z, 193,329,356,424,207,337,270,64,0
2025-05-12T14:12:17.569Z, 193,296,356,425,207,337,270,64,0
2025-05-12T14:12:17.602Z, 193,273,355,425,207,337,270,64,0
2025-05-12T14:12:17.636Z, 193,264,356,425,207,337,270,65,0
2025-05-12T14:12:17.669Z, 193,270,357,423,207,337,270,65,0
2025-05-12T14:12:17.705Z, 193,275,357,425,206,337,269,65,0
2025-05-12T14:12:17.738Z, 192,292,356,425,206,337,270,64,0
2025-05-12T14:12:17.773Z, 193,327,356,425,207,337,270,65,0
2025-05-12T14:12:17.807Z, 193,385,356,425,207,337,270,64,0
2025-05-12T14:12:17.841Z, 193,454,356,425,207,337,270,65,0
2025-05-12T14:12:17.875Z, 193,523,356,425,207,337,270,65,0
2025-05-12T14:12:17.910Z, 193,591,356,425,207,337,270,64,0
2025-05-12T14:12:17.944Z, 193,653,356,425,207,337,270,64,0
2025-05-12T14:12:17.978Z, 193,694,356,425,207,337,270,65,0
2025-05-12T14:12:18.012Z, 193,720,356,425,207,337,270,64,0
2025-05-12T14:12:18.047Z, 193,743,356,425,207,337,270,65,0
2025-05-12T14:12:18.081Z, 192,771,356,425,207,337,270,65,0
2025-05-12T14:12:18.115Z, 192,807,356,425,207,337,270,64,0
2025-05-12T14:12:18.151Z, 193,842,356,425,207,337,270,64,0
2025-05-12T14:12:18.184Z, 192,866,356,425,207,337,270,65,0
2025-05-12T14:12:18.218Z, 192,881,356,425,207,337,270,65,0
2025-05-12T14:12:18.253Z, 192,890,356,425,207,337,270,65,0
2025-05-12T14:12:18.287Z, 192,896,356,425,207,337,270,64,0
2025-05-12T14:12:18.321Z, 193,902,356,425,207,336,270,65,0
2025-05-12T14:12:18.355Z, 193,896,357,424,206,338,269,64,0
2025-05-12T14:12:18.390Z, 193,884,356,424,206,338,269,65,0
2025-05-12T14:12:18.424Z, 192,870,356,425,207,337,268,66,0
2025-05-12T14:12:18.459Z, 193,838,356,425,207,337,270,64,0
2025-05-12T14:12:18.493Z, 193,794,356,425,207,337,270,64,0
2025-05-12T14:12:18.528Z, 192,752,356,425,207,336,270,65,0
2025-05-12T14:12:18.561Z, 192,707,356,425,207,337,270,64,0
2025-05-12T14:12:18.596Z, 192,656,356,425,207,336,270,65,0
2025-05-12T14:12:18.630Z, 192,612,356,425,207,337,270,64,0
2025-05-12T14:12:18.664Z, 193,574,356,425,207,337,270,65,0
2025-05-12T14:12:18.698Z, 193,536,356,424,207,337,270,65,0
2025-05-12T14:12:18.735Z, 193,496,356,425,207,337,270,64,0
2025-05-12T14:12:18.769Z, 193,459,356,425,207,337,270,65,0
2025-05-12T14:12:18.801Z, 192,424,356,425,207,337,270,65,0
2025-05-12T14:12:18.836Z, 193,393,356,425,207,337,270,64,0
2025-05-12T14:12:18.870Z, 193,370,356,425,207,337,270,64,0
2025-05-12T14:12:18.905Z, 193,358,356,424,207,337,270,65,0
2025-05-12T14:12:18.939Z, 192,355,356,424,207,337,270,65,0
2025-05-12T14:12:18.973Z, 193,360,357,424,206,338,270,65,0
2025-05-12T14:12:19.008Z, 193,371,355,424,207,337,270,64,0
2025-05-12T14:12:19.042Z, 193,388,357,424,206,339,269,64,0
2025-05-12T14:12:19.077Z, 192,410,357,424,205,338,271,64,0
2025-05-12T14:12:19.111Z, 192,454,356,425,207,337,270,65,0
2025-05-12T14:12:19.145Z, 193,504,356,425,207,337,270,64,0
2025-05-12T14:12:19.179Z, 192,548,356,425,207,337,270,65,0
2025-05-12T14:12:19.213Z, 192,583,356,425,207,336,270,64,0
2025-05-12T14:12:19.247Z, 192,620,356,425,207,337,270,64,0
2025-05-12T14:12:19.282Z, 192,664,356,425,207,337,270,65,0
2025-05-12T14:12:19.318Z, 192,707,356,424,207,337,270,65,0
2025-05-12T14:12:19.351Z, 193,747,356,425,207,336,270,64,0
2025-05-12T14:12:19.385Z, 193,789,356,425,207,337,270,64,0
2025-05-12T14:12:19.419Z, 193,828,356,425,207,337,270,64,0
2025-05-12T14:12:19.454Z, 193,863,356,425,207,337,270,64,0
2025-05-12T14:12:19.488Z, 193,898,356,425,207,336,270,65,0
2025-05-12T14:12:19.522Z, 192,920,356,425,207,337,270,64,0
2025-05-12T14:12:19.557Z, 192,928,356,425,207,337,270,65,0
2025-05-12T14:12:19.591Z, 192,932,356,425,207,337,270,65,0
2025-05-12T14:12:19.626Z, 193,938,356,425,207,337,270,65,0
2025-05-12T14:12:19.659Z, 193,945,356,425,207,337,270,65,0
2025-05-12T14:12:19.694Z, 193,953,356,425,207,337,270,64,0
2025-05-12T14:12:19.728Z, 193,958,356,425,207,337,270,65,0
2025-05-12T14:12:19.763Z, 193,961,358,423,207,337,270,65,0
2025-05-12T14:12:19.831Z, 192,955,357,424,206,337,269,65,0
2025-05-12T14:12:19.865Z, 193,945,356,425,207,337,270,65,0
2025-05-12T14:12:19.902Z, 193,935,357,424,206,338,269,64,0
2025-05-12T14:12:19.934Z, 192,923,357,424,205,338,271,64,0
2025-05-12T14:12:19.969Z, 193,895,356,425,207,337,270,65,0
2025-05-12T14:12:20.003Z, 192,855,356,425,207,337,270,64,0
2025-05-12T14:12:20.042Z, 192,809,356,424,207,337,270,64,0
2025-05-12T14:12:20.072Z, 193,767,356,425,207,337,270,64,0
2025-05-12T14:12:20.106Z, 193,721,355,425,207,337,270,64,0
2025-05-12T14:12:20.140Z, 192,675,356,425,207,337,270,64,0
2025-05-12T14:12:20.174Z, 193,636,356,425,207,337,270,64,0
2025-05-12T14:12:20.209Z, 193,592,356,425,207,337,270,65,0
2025-05-12T14:12:20.243Z, 193,550,356,425,207,337,270,65,0
2025-05-12T14:12:20.277Z, 192,514,356,424,207,337,270,64,0
2025-05-12T14:12:20.311Z, 192,477,356,425,207,337,270,64,0
2025-05-12T14:12:20.346Z, 193,444,356,425,207,337,270,64,0
2025-05-12T14:12:20.381Z, 193,416,356,425,207,337,270,64,0
2025-05-12T14:12:20.414Z, 192,381,356,425,207,337,270,64,0
2025-05-12T14:12:20.449Z, 192,354,356,425,207,337,270,64,0
2025-05-12T14:12:20.485Z, 192,334,356,425,207,337,270,64,0
2025-05-12T14:12:20.517Z, 193,321,355,425,207,337,270,64,0
2025-05-12T14:12:20.552Z, 193,317,356,425,207,337,270,64,0
2025-05-12T14:12:20.586Z, 193,322,357,423,207,337,270,65,0
2025-05-12T14:12:20.620Z, 193,328,357,425,207,337,269,65,0
2025-05-12T14:12:20.655Z, 192,346,356,425,207,337,270,64,0
2025-05-12T14:12:20.689Z, 192,378,356,425,207,337,270,64,0
2025-05-12T14:12:20.723Z, 193,425,356,425,206,337,270,65,0
2025-05-12T14:12:20.758Z, 193,480,356,425,207,337,270,65,0
2025-05-12T14:12:20.792Z, 192,530,356,425,207,337,270,64,0
2025-05-12T14:12:20.826Z, 193,568,356,425,207,337,270,64,0
2025-05-12T14:12:20.861Z, 192,606,356,425,207,337,270,65,0
2025-05-12T14:12:20.895Z, 193,644,356,424,207,337,270,64,0
2025-05-12T14:12:20.929Z, 192,686,356,425,207,337,270,64,0
2025-05-12T14:12:20.963Z, 192,727,356,425,207,336,270,65,0
2025-05-12T14:12:20.998Z, 193,766,356,425,207,337,269,64,0
2025-05-12T14:12:21.032Z, 193,810,356,425,207,337,270,64,0
2025-05-12T14:12:21.068Z, 193,854,356,424,207,337,270,64,0
2025-05-12T14:12:21.101Z, 192,887,356,425,207,337,270,65,0
2025-05-12T14:12:21.135Z, 193,905,356,425,207,337,270,65,0
2025-05-12T14:12:21.169Z, 193,917,356,425,207,337,270,64,0
2025-05-12T14:12:21.204Z, 193,925,355,424,207,337,270,64,0
2025-05-12T14:12:21.238Z, 193,928,356,425,207,336,270,65,0
2025-05-12T14:12:21.272Z, 192,931,356,425,207,337,270,65,0
2025-05-12T14:12:21.374Z, 192,925,356,425,206,337,269,65,0
2025-05-12T14:12:21.408Z, 193,915,356,425,207,336,270,65,0
2025-05-12T14:12:21.443Z, 193,904,357,423,206,339,270,64,0
2025-05-12T14:12:21.477Z, 192,889,357,424,205,338,271,64,0
2025-05-12T14:12:21.512Z, 193,858,356,425,207,337,270,65,0
2025-05-12T14:12:21.546Z, 193,817,356,425,207,337,270,64,0
2025-05-12T14:12:21.580Z, 193,764,356,424,207,337,270,64,0
2025-05-12T14:12:21.614Z, 193,704,356,425,207,337,270,65,0
2025-05-12T14:12:21.649Z, 193,641,356,425,207,337,270,64,0
2025-05-12T14:12:21.686Z, 192,584,356,425,207,337,270,65,0
2025-05-12T14:12:21.718Z, 192,548,356,425,207,337,270,64,0
2025-05-12T14:12:21.752Z, 193,524,356,425,207,337,270,64,0
2025-05-12T14:12:21.786Z, 192,502,356,425,207,337,270,64,0
2025-05-12T14:12:21.820Z, 192,482,356,425,207,337,270,65,0
2025-05-12T14:12:21.855Z, 192,470,356,425,207,337,270,65,0
2025-05-12T14:12:21.889Z, 193,464,356,425,207,337,270,64,0
2025-05-12T14:12:25.726Z, 192,460,353,421,206,337,272,66,0
2025-05-12T14:12:25.760Z, 192,459,353,422,207,337,267,64,0
2025-05-12T14:12:25.794Z, 193,462,356,422,206,338,268,64,0
2025-05-12T14:12:25.828Z, 192,463,358,429,207,340,271,64,0
2025-05-12T14:12:25.863Z, 193,463,357,424,205,336,270,64,0
2025-05-12T14:17:59.714Z, 192,465,357,424,206,338,270,64,0
2025-05-12T14:17:59.747Z, 193,464,356,425,207,337,270,65,0
2025-05-12T14:18:02.334Z, 192,461,357,424,206,338,269,65,0
2025-05-12T14:18:02.369Z, 193,456,355,425,207,337,270,64,0
2025-05-12T14:18:02.403Z, 193,450,357,423,206,338,269,65,0
2025-05-12T14:18:02.437Z, 192,442,358,424,205,338,270,64,0
2025-05-12T14:18:02.471Z, 193,423,356,425,207,337,270,64,0
2025-05-12T14:18:02.506Z, 192,402,356,424,206,337,270,65,0
2025-05-12T14:18:02.540Z, 193,383,356,425,207,337,270,65,0
2025-05-12T14:18:02.575Z, 193,363,356,425,207,337,270,64,0
2025-05-12T14:18:02.609Z, 193,343,355,425,207,337,270,64,0
2025-05-12T14:18:02.644Z, 193,325,356,425,207,336,270,65,0
2025-05-12T14:18:02.678Z, 193,312,356,425,207,337,270,64,0
2025-05-12T14:18:02.712Z, 193,297,356,425,207,337,270,64,0
2025-05-12T14:18:02.746Z, 192,283,356,425,206,337,270,64,0
2025-05-12T14:18:02.780Z, 193,276,356,425,207,337,270,65,0
2025-05-12T14:18:02.815Z, 192,272,356,425,207,337,270,64,0
2025-05-12T14:18:02.849Z, 193,266,356,425,207,337,270,65,0
2025-05-12T14:18:02.884Z, 193,261,356,425,207,337,269,64,0
2025-05-12T14:18:02.918Z, 193,253,356,425,207,337,270,64,0
2025-05-12T14:18:02.952Z, 192,246,356,425,207,337,270,64,0
2025-05-12T14:18:02.986Z, 193,238,356,425,207,337,270,65,0
2025-05-12T14:18:03.021Z, 192,234,356,424,207,337,270,64,0
2025-05-12T14:18:03.055Z, 192,228,356,425,206,337,270,65,0
2025-05-12T14:18:03.089Z, 193,222,356,425,207,337,270,64,0
2025-05-12T14:18:03.123Z, 193,215,356,425,207,337,270,65,0
2025-05-12T14:18:03.158Z, 192,210,356,425,206,337,270,65,0
2025-05-12T14:18:03.192Z, 193,200,356,425,207,337,270,64,0
2025-05-12T14:18:03.227Z, 193,190,356,425,207,337,270,64,0
2025-05-12T14:18:03.261Z, 193,180,356,425,207,337,270,64,0
2025-05-12T14:18:03.295Z, 193,168,356,425,207,337,270,65,0
2025-05-12T14:18:03.330Z, 193,161,356,425,207,336,270,65,0
2025-05-12T14:18:03.364Z, 193,155,356,425,207,337,270,65,0
2025-05-12T14:18:03.398Z, 192,151,356,425,207,337,270,64,0
2025-05-12T14:18:03.432Z, 193,143,356,425,207,336,270,65,0
2025-05-12T14:18:03.467Z, 193,135,356,425,207,337,270,65,0
2025-05-12T14:18:03.501Z, 193,128,355,425,207,336,269,65,0
2025-05-12T14:18:03.535Z, 192,125,357,423,206,337,270,65,0
2025-05-12T14:18:03.638Z, 192,128,357,425,206,337,270,64,0
2025-05-12T14:18:03.672Z, 193,131,356,425,207,337,270,65,0
2025-05-12T14:18:03.706Z, 193,136,357,424,206,339,270,64,0
2025-05-12T14:18:03.741Z, 192,140,357,424,205,338,271,64,0
2025-05-12T14:18:03.775Z, 193,152,356,425,207,337,270,64,0
2025-05-12T14:18:03.811Z, 192,166,356,425,206,337,270,64,0
2025-05-12T14:18:03.844Z, 193,180,356,425,207,337,270,65,0
2025-05-12T14:18:03.878Z, 193,192,356,425,207,336,270,65,0
2025-05-12T14:18:03.912Z, 193,206,356,425,207,337,270,65,0
2025-05-12T14:18:03.947Z, 192,222,356,425,206,337,270,65,0
2025-05-12T14:18:03.981Z, 192,238,356,425,207,336,270,64,0
2025-05-12T14:18:04.016Z, 193,255,356,425,206,337,270,64,0
2025-05-12T14:18:04.050Z, 193,272,356,425,207,337,270,64,0
2025-05-12T14:18:04.084Z, 192,287,356,425,207,336,270,65,0
2025-05-12T14:18:04.118Z, 193,301,355,424,207,336,269,64,0
2025-05-12T14:18:04.152Z, 192,315,356,424,206,337,270,64,0
2025-05-12T14:18:04.187Z, 193,328,356,425,206,337,270,64,0
2025-05-12T14:18:04.221Z, 192,341,356,424,207,337,270,64,0
2025-05-12T14:18:04.256Z, 192,355,356,425,206,337,270,65,0
2025-05-12T14:18:04.290Z, 193,367,356,425,207,337,270,65,0
2025-05-12T14:18:04.324Z, 193,381,356,425,206,337,270,65,0
2025-05-12T14:18:04.359Z, 193,395,356,425,207,337,270,64,0
2025-05-12T14:18:04.395Z, 193,409,356,425,207,337,270,64,0
2025-05-12T14:18:04.428Z, 193,424,356,425,207,337,270,64,0
2025-05-12T14:18:04.465Z, 192,436,356,425,207,336,269,65,0
2025-05-12T14:18:04.496Z, 193,447,356,425,207,337,270,65,0
2025-05-12T14:18:04.530Z, 192,455,356,425,207,337,270,65,0
2025-05-12T14:18:04.564Z, 193,463,356,425,207,337,270,65,0
2025-05-12T14:18:04.599Z, 192,472,356,425,207,337,270,64,0
2025-05-12T14:18:04.633Z, 192,479,356,425,207,337,270,64,0
2025-05-12T14:18:04.667Z, 193,487,356,425,207,337,270,65,0
2025-05-12T14:18:04.702Z, 192,495,356,425,207,337,270,64,0
2025-05-12T14:18:04.736Z, 193,502,356,425,207,337,270,64,0
2025-05-12T14:18:04.770Z, 192,508,356,425,207,337,270,64,0
2025-05-12T14:18:04.805Z, 193,513,356,424,207,337,270,64,0
2025-05-12T14:18:04.839Z, 192,518,356,425,207,336,270,65,0
2025-05-12T14:18:04.873Z, 192,522,356,425,206,336,270,65,0
2025-05-12T14:18:04.907Z, 192,526,357,424,206,337,270,65,0
2025-05-12T14:18:05.585Z, 192,522,357,425,206,337,270,65,0
2025-05-12T14:18:05.619Z, 193,517,356,425,207,337,270,64,0
2025-05-12T14:18:05.653Z, 193,511,357,424,206,338,269,64,0
2025-05-12T14:18:05.688Z, 192,504,357,424,205,338,271,64,0
2025-05-12T14:18:05.722Z, 193,488,356,425,207,336,270,64,0
2025-05-12T14:18:05.756Z, 193,470,356,425,207,337,270,65,0
2025-05-12T14:18:05.791Z, 193,451,356,425,207,337,270,64,0
2025-05-12T14:18:05.825Z, 193,431,356,425,207,337,270,64,0
2025-05-12T14:18:05.861Z, 192,414,356,424,207,337,270,64,0
2025-05-12T14:18:05.894Z, 193,399,356,425,207,337,270,65,0
2025-05-12T14:18:05.929Z, 193,391,356,425,207,337,269,64,0
2025-05-12T14:18:06.892Z, 193,395,356,424,206,338,269,64,0
2025-05-12T14:18:06.928Z, 193,403,357,424,206,337,270,64,0
2025-05-12T14:18:06.962Z, 193,409,356,425,207,337,270,64,0
2025-05-12T14:18:06.996Z, 193,416,357,424,206,338,269,64,0
2025-05-12T14:18:07.030Z, 192,424,357,424,205,338,271,64,0
2025-05-12T14:18:07.064Z, 193,440,356,425,207,337,270,65,0
2025-05-12T14:18:07.098Z, 193,455,356,425,207,337,270,64,0
2025-05-12T14:18:07.133Z, 193,470,356,425,207,337,270,65,0
2025-05-12T14:18:07.167Z, 192,481,356,425,207,337,270,64,0
2025-05-12T14:18:07.201Z, 192,490,356,424,207,337,270,64,0
2025-05-12T14:18:07.236Z, 192,497,356,425,206,337,270,65,0
2025-05-12T14:18:07.270Z, 193,501,356,425,207,337,270,65,0
2025-05-12T14:18:07.304Z, 193,504,356,425,206,337,270,64,0
2025-05-12T14:18:07.339Z, 192,508,357,424,206,337,270,65,0
2025-05-12T14:18:07.407Z, 193,511,357,425,206,337,269,65,0
2025-05-12T14:18:08.490Z, 192,508,357,424,206,338,270,64,0
2025-05-12T14:18:08.525Z, 193,505,355,425,207,337,270,64,0
2025-05-12T14:18:08.562Z, 193,500,357,424,206,338,269,64,0
2025-05-12T14:18:08.596Z, 193,492,357,424,205,338,271,64,0
2025-05-12T14:18:08.629Z, 193,479,356,425,207,336,270,65,0
2025-05-12T14:18:08.662Z, 193,461,356,425,206,337,270,64,0
2025-05-12T14:18:08.697Z, 192,443,356,424,207,337,270,65,0
2025-05-12T14:18:08.730Z, 193,419,356,425,207,337,270,64,0
2025-05-12T14:18:08.765Z, 192,390,356,425,207,336,270,65,0
2025-05-12T14:18:08.799Z, 193,365,356,424,207,337,269,64,0
2025-05-12T14:18:08.833Z, 193,345,356,425,207,336,270,65,0
2025-05-12T14:18:08.868Z, 193,327,356,425,207,337,270,65,0
2025-05-12T14:18:08.902Z, 192,305,356,425,207,337,270,64,0
2025-05-12T14:18:08.936Z, 193,279,356,425,207,337,270,65,0
2025-05-12T14:18:08.970Z, 193,263,356,425,207,337,270,64,0
2025-05-12T14:18:09.005Z, 193,252,356,425,207,337,270,64,0
2025-05-12T14:18:09.039Z, 193,243,356,425,207,337,270,65,0
2025-05-12T14:18:09.074Z, 193,238,356,425,207,336,270,64,0
2025-05-12T14:18:09.480Z, 193,239,358,426,206,338,270,64,0
2025-05-12T14:18:09.752Z, 192,238,356,425,203,338,269,64,0
2025-05-12T14:18:09.786Z, 193,238,356,425,194,337,270,64,0
2025-05-12T14:18:09.820Z, 193,238,357,424,177,338,269,64,0
2025-05-12T14:18:09.854Z, 193,238,357,424,155,338,271,64,0
2025-05-12T14:18:09.888Z, 193,238,356,425,97,337,271,64,0
2025-05-12T14:18:09.921Z, 192,238,356,425,20,336,270,64,0
2025-05-12T14:18:09.953Z, 192,238,356,425,0,336,270,65,0
2025-05-12T14:18:10.729Z, 192,238,356,425,0,338,268,65,0
2025-05-12T14:18:10.761Z, 193,239,356,424,0,341,268,65,0
2025-05-12T14:18:10.794Z, 192,238,358,423,0,346,269,65,0
2025-05-12T14:18:10.827Z, 192,239,356,425,0,349,267,64,0
2025-05-12T14:18:11.061Z, 192,238,356,424,0,350,275,64,0
2025-05-12T14:18:11.095Z, 193,239,356,424,0,350,285,65,0
2025-05-12T14:18:11.127Z, 192,238,358,423,0,350,301,64,0
2025-05-12T14:18:11.158Z, 191,238,357,425,0,350,318,64,0
2025-05-12T14:18:11.190Z, 192,238,356,425,0,350,348,66,0
2025-05-12T14:18:11.222Z, 192,238,356,425,0,347,391,66,0
2025-05-12T14:18:11.254Z, 192,238,356,425,1,308,439,66,0
2025-05-12T14:18:11.286Z, 192,238,356,425,0,248,495,66,0
2025-05-12T14:18:11.319Z, 192,238,356,425,0,187,560,66,0
2025-05-12T14:18:11.351Z, 192,238,355,425,0,148,616,66,0
2025-05-12T14:18:11.383Z, 192,238,356,424,0,108,655,66,0
2025-05-12T14:18:11.415Z, 192,238,356,425,0,64,677,66,0
2025-05-12T14:18:11.445Z, 192,238,356,425,0,25,690,64,0
2025-05-12T14:18:11.478Z, 192,238,356,424,0,0,699,64,0
2025-05-12T14:18:11.506Z, 192,238,356,425,0,0,708,66,0
2025-05-12T14:18:11.536Z, 193,238,356,425,0,0,715,64,0
2025-05-12T14:18:11.566Z, 193,238,356,425,0,0,723,64,0
2025-05-12T14:18:11.596Z, 193,238,356,425,0,0,731,64,0
2025-05-12T14:18:11.627Z, 193,238,356,425,0,0,743,64,0
2025-05-12T14:18:11.656Z, 193,238,355,425,0,0,762,64,0
2025-05-12T14:18:11.687Z, 193,238,355,425,0,0,786,64,0
2025-05-12T14:18:11.717Z, 193,238,356,425,0,0,808,64,0
2025-05-12T14:18:11.747Z, 193,238,356,425,0,0,818,64,0
2025-05-12T14:18:11.779Z, 193,238,356,425,1,0,824,64,0
2025-05-12T14:18:11.807Z, 192,238,357,423,0,0,827,65,0
2025-05-12T14:18:11.837Z, 192,238,357,425,0,0,834,65,0
2025-05-12T14:18:11.868Z, 192,237,357,424,0,0,839,65,0
2025-05-12T14:18:11.898Z, 193,238,356,425,0,0,844,64,0
2025-05-12T14:18:11.928Z, 192,238,356,425,0,0,850,64,0
2025-05-12T14:18:11.958Z, 193,238,356,425,0,0,854,64,0
2025-05-12T14:18:11.988Z, 193,238,355,425,0,0,858,64,0
2025-05-12T14:18:12.018Z, 193,238,356,425,0,0,861,64,0
2025-05-12T14:18:12.049Z, 192,238,358,424,0,0,860,65,0
2025-05-12T14:18:12.079Z, 193,238,357,424,0,0,854,64,0
2025-05-12T14:18:12.111Z, 193,238,355,425,0,0,839,64,0
2025-05-12T14:18:12.140Z, 193,238,356,425,0,24,809,64,0
2025-05-12T14:18:12.171Z, 192,238,356,425,0,71,771,64,0
2025-05-12T14:18:12.204Z, 192,238,356,425,0,124,727,65,0
2025-05-12T14:18:12.236Z, 192,238,356,425,0,171,681,65,0
2025-05-12T14:18:12.268Z, 192,238,356,425,0,206,645,66,0
2025-05-12T14:18:12.300Z, 192,238,356,425,0,234,618,66,0
2025-05-12T14:18:12.333Z, 192,238,356,425,0,250,597,66,0
2025-05-12T14:18:12.365Z, 192,238,356,425,0,257,580,66,0
2025-05-12T14:18:12.397Z, 192,238,356,425,0,258,564,66,0
2025-05-12T14:18:12.429Z, 192,238,356,425,0,257,551,65,0
2025-05-12T14:18:12.462Z, 192,238,356,425,0,254,544,66,0
2025-05-12T14:18:12.495Z, 192,238,356,425,0,254,540,66,0
2025-05-12T14:18:12.528Z, 192,238,356,425,0,256,537,66,0
2025-05-12T14:18:12.558Z, 192,238,356,425,0,259,533,66,0
2025-05-12T14:18:12.590Z, 192,238,356,425,0,274,531,65,0
2025-05-12T14:18:12.623Z, 192,238,356,425,0,288,529,66,0
2025-05-12T14:18:12.655Z, 192,238,356,425,0,298,528,66,0
2025-05-12T14:18:12.687Z, 192,238,356,425,0,308,528,66,0
2025-05-12T14:18:12.720Z, 192,238,356,425,0,326,528,66,0
2025-05-12T14:18:12.751Z, 192,238,355,424,0,329,527,66,0
2025-05-12T14:18:12.784Z, 192,238,358,423,0,330,527,65,0
2025-05-12T14:18:12.816Z, 191,238,357,424,0,331,526,65,0
2025-05-12T14:18:12.849Z, 192,238,356,425,0,334,527,66,0
2025-05-12T14:18:12.881Z, 192,238,356,425,0,343,527,66,0
2025-05-12T14:18:12.913Z, 192,238,356,424,0,353,527,66,0
2025-05-12T14:18:12.946Z, 192,238,356,425,0,378,527,66,0
2025-05-12T14:18:12.978Z, 192,238,356,425,0,413,527,66,0
2025-05-12T14:18:13.012Z, 192,238,356,425,0,456,527,66,0
2025-05-12T14:18:13.042Z, 192,238,356,425,0,502,527,65,0
2025-05-12T14:18:13.074Z, 194,243,360,430,1,536,540,65,0
2025-05-12T14:18:13.106Z, 192,238,356,424,0,570,526,66,0
2025-05-12T14:18:13.138Z, 192,238,356,425,0,611,526,65,0
2025-05-12T14:18:13.170Z, 192,238,356,425,0,647,527,66,0
2025-05-12T14:18:13.203Z, 192,238,356,425,0,667,527,66,0
2025-05-12T14:18:13.235Z, 192,238,356,425,0,675,527,66,0
2025-05-12T14:18:13.267Z, 192,238,356,425,0,688,527,66,0
2025-05-12T14:18:13.300Z, 192,238,356,425,0,700,527,66,0
2025-05-12T14:18:13.332Z, 192,238,357,424,0,704,527,65,0
2025-05-12T14:18:13.384Z, 192,238,356,424,0,706,526,68,0
2025-05-12T14:18:13.416Z, 193,239,356,424,0,707,526,77,0
2025-05-12T14:18:13.448Z, 192,238,357,424,0,708,526,89,0
2025-05-12T14:18:13.481Z, 192,239,356,424,0,706,526,107,0
2025-05-12T14:18:13.515Z, 193,238,356,425,0,706,527,138,0
2025-05-12T14:18:13.548Z, 192,238,356,425,0,706,527,191,0
2025-05-12T14:18:13.581Z, 192,238,356,425,0,706,527,249,0
2025-05-12T14:18:13.614Z, 192,238,356,425,0,706,527,309,0
2025-05-12T14:18:13.648Z, 192,238,356,425,0,706,527,370,0
2025-05-12T14:18:13.681Z, 192,238,356,425,0,706,527,432,0
2025-05-12T14:18:13.714Z, 192,238,356,425,0,706,527,498,0
2025-05-12T14:18:13.752Z, 193,238,356,425,0,706,527,583,0
2025-05-12T14:18:13.784Z, 192,238,356,425,0,706,527,706,0
2025-05-12T14:18:13.822Z, 192,238,356,425,0,706,527,825,0
2025-05-12T14:18:13.848Z, 192,238,356,425,0,706,527,903,0
2025-05-12T14:18:13.887Z, 192,238,356,425,0,706,527,958,0
2025-05-12T14:18:13.936Z, 192,238,356,425,0,706,527,1001,0
2025-05-12T14:18:13.964Z, 192,238,356,425,0,705,527,1023,0
2025-05-12T14:18:14.390Z, 193,238,356,424,0,706,527,1001,0
2025-05-12T14:18:14.441Z, 193,238,356,425,0,705,528,977,0
2025-05-12T14:18:14.466Z, 192,239,356,424,0,706,526,945,0
2025-05-12T14:18:14.495Z, 192,238,355,425,0,706,528,910,0
2025-05-12T14:18:14.540Z, 193,238,356,425,0,705,528,843,0
2025-05-12T14:18:14.562Z, 192,238,356,425,0,705,528,756,0
2025-05-12T14:18:14.601Z, 192,238,356,424,0,706,528,660,0
2025-05-12T14:18:14.633Z, 193,239,356,425,0,705,528,558,0
2025-05-12T14:18:14.663Z, 191,238,356,425,0,705,528,452,0
2025-05-12T14:18:14.698Z, 192,238,356,425,0,705,528,361,0
2025-05-12T14:18:14.722Z, 193,239,356,425,0,705,528,283,0
2025-05-12T14:18:14.755Z, 192,238,356,425,0,705,527,194,0
2025-05-12T14:18:14.788Z, 192,238,356,425,0,705,527,102,0
2025-05-12T14:18:14.821Z, 193,239,356,425,0,705,528,38,0
2025-05-12T14:18:14.853Z, 192,238,356,425,0,705,527,17,0
2025-05-12T14:18:14.885Z, 194,238,356,425,0,705,528,14,0
2025-05-12T14:18:14.917Z, 193,238,356,425,0,705,528,11,0
2025-05-12T14:18:14.950Z, 192,238,358,423,0,707,527,10,0
2025-05-12T14:18:15.475Z, 201,238,357,424,0,706,527,10,0
2025-05-12T14:18:15.507Z, 211,239,356,423,0,706,526,10,0
2025-05-12T14:18:15.539Z, 226,238,357,423,0,707,527,10,0
2025-05-12T14:18:15.570Z, 243,238,357,424,0,705,526,9,0
2025-05-12T14:18:15.603Z, 273,238,356,425,0,705,528,10,0
2025-05-12T14:18:15.635Z, 318,238,356,425,0,705,528,10,0
2025-05-12T14:18:15.667Z, 364,238,356,425,0,705,527,11,0
2025-05-12T14:18:15.699Z, 407,238,356,425,0,705,528,11,0
2025-05-12T14:18:15.731Z, 455,238,356,425,0,705,527,11,0
2025-05-12T14:18:15.764Z, 520,238,356,425,0,705,527,11,0
2025-05-12T14:18:15.796Z, 559,238,356,424,0,705,527,11,0
2025-05-12T14:18:15.829Z, 584,238,355,425,0,705,527,11,0
2025-05-12T14:18:15.861Z, 603,239,356,424,0,705,527,11,0
2025-05-12T14:18:15.893Z, 616,238,356,425,0,705,527,11,0
2025-05-12T14:18:15.925Z, 623,238,356,425,0,705,528,11,0
2025-05-12T14:18:15.957Z, 636,238,356,425,0,705,527,11,0
2025-05-12T14:18:15.989Z, 643,238,356,425,0,705,527,11,0
2025-05-12T14:18:16.022Z, 648,238,356,425,0,705,527,11,0
2025-05-12T14:18:16.054Z, 651,238,356,425,0,705,527,11,0
2025-05-12T14:18:16.086Z, 654,238,356,425,0,705,527,11,0
2025-05-12T14:18:16.118Z, 657,238,356,425,0,705,527,11,0
2025-05-12T14:18:16.151Z, 663,238,356,425,0,705,527,11,0
2025-05-12T14:18:16.183Z, 666,238,356,425,0,705,527,11,0
2025-05-12T14:18:16.214Z, 667,239,356,425,0,706,526,8,0
2025-05-12T14:18:16.301Z, 658,238,356,424,0,706,526,10,0
2025-05-12T14:18:16.333Z, 646,239,356,423,0,706,526,10,0
2025-05-12T14:18:16.365Z, 629,238,357,424,0,706,527,10,0
2025-05-12T14:18:16.397Z, 613,238,357,424,0,705,526,9,0
2025-05-12T14:18:16.429Z, 584,238,356,425,0,705,528,11,0
2025-05-12T14:18:16.461Z, 526,238,357,425,0,705,527,10,0
2025-05-12T14:18:16.493Z, 456,238,356,425,0,705,527,11,0
2025-05-12T14:18:16.525Z, 392,242,356,425,0,705,527,11,0
2025-05-12T14:18:16.558Z, 333,246,356,425,0,705,527,11,0
2025-05-12T14:18:16.590Z, 268,252,356,425,0,705,527,11,0
2025-05-12T14:18:16.622Z, 207,252,356,425,0,705,527,11,0
2025-05-12T14:18:16.654Z, 168,252,356,425,0,705,527,11,0
2025-05-12T14:18:16.686Z, 152,252,356,425,0,705,527,11,0
2025-05-12T14:18:16.719Z, 148,252,355,425,0,705,527,11,0
2025-05-12T14:18:16.751Z, 148,252,349,424,0,705,527,11,0
2025-05-12T14:18:16.783Z, 148,252,332,425,0,705,528,11,0
2025-05-12T14:18:16.815Z, 146,252,306,425,0,705,527,11,0
2025-05-12T14:18:16.847Z, 141,252,275,425,0,704,527,11,0
2025-05-12T14:18:16.880Z, 136,252,243,425,0,704,527,11,0
2025-05-12T14:18:16.912Z, 135,252,218,425,0,705,527,11,0
2025-05-12T14:18:16.944Z, 135,252,212,425,0,705,527,11,0
2025-05-12T14:18:16.977Z, 135,252,217,424,0,704,527,11,0
2025-05-12T14:18:17.009Z, 133,252,234,425,0,705,527,11,0
2025-05-12T14:18:17.041Z, 125,252,245,425,0,705,527,11,0
2025-05-12T14:18:17.073Z, 117,252,245,424,0,705,527,11,0
2025-05-12T14:18:17.105Z, 114,252,231,425,0,705,527,11,0
2025-05-12T14:18:17.137Z, 114,252,201,425,0,705,528,11,0
2025-05-12T14:18:17.170Z, 114,252,161,425,0,705,527,11,0
2025-05-12T14:18:17.202Z, 114,252,115,425,0,705,527,11,0
2025-05-12T14:18:17.233Z, 114,252,68,425,0,705,527,11,0
2025-05-12T14:18:17.264Z, 115,251,26,425,0,704,527,10,0
2025-05-12T14:18:17.295Z, 114,252,0,424,0,705,527,10,0
2025-05-12T14:18:17.646Z, 115,253,0,426,0,706,530,10,0
2025-05-12T14:18:17.675Z, 114,252,0,427,0,708,542,9,0
2025-05-12T14:18:17.704Z, 115,251,0,424,1,704,532,8,0
2025-05-12T14:18:17.733Z, 120,250,0,425,0,705,527,9,0
2025-05-12T14:18:17.764Z, 118,253,0,424,0,707,527,11,0
2025-05-12T14:18:17.803Z, 119,252,0,423,0,705,524,10,0
2025-05-12T14:18:17.990Z, 122,253,0,424,0,705,527,10,0
2025-05-12T14:18:18.059Z, 121,252,3,424,0,705,526,10,0
2025-05-12T14:18:18.089Z, 121,251,20,424,0,707,527,9,0
2025-05-12T14:18:18.120Z, 123,252,34,425,0,706,526,10,0
2025-05-12T14:18:18.151Z, 121,253,51,425,0,705,528,11,0
2025-05-12T14:18:18.182Z, 121,252,69,425,0,704,527,10,0
2025-05-12T14:18:18.215Z, 121,252,100,425,0,705,527,10,0
2025-05-12T14:18:18.247Z, 120,252,138,424,0,705,527,11,0
2025-05-12T14:18:18.279Z, 121,252,170,426,0,704,528,11,0
2025-05-12T14:18:18.311Z, 121,252,204,424,0,705,528,11,0
2025-05-12T14:18:18.344Z, 121,252,245,425,0,704,528,11,0
2025-05-12T14:18:18.376Z, 121,253,295,425,0,704,529,11,0
2025-05-12T14:18:18.408Z, 120,252,349,425,0,704,531,11,0
2025-05-12T14:18:18.440Z, 120,252,405,424,0,704,529,11,0
2025-05-12T14:18:18.472Z, 120,252,470,424,0,705,529,11,0
2025-05-12T14:18:18.504Z, 121,253,539,424,0,705,529,11,0
2025-05-12T14:18:18.537Z, 121,252,596,424,0,703,527,11,0
2025-05-12T14:18:18.569Z, 121,252,640,424,0,705,527,11,0
2025-05-12T14:18:18.601Z, 121,252,679,425,0,704,527,11,0
2025-05-12T14:18:18.633Z, 120,252,713,424,0,704,526,11,0
2025-05-12T14:18:18.666Z, 121,253,748,425,0,705,527,11,0
2025-05-12T14:18:18.698Z, 121,253,784,424,0,704,527,11,0
2025-05-12T14:18:18.730Z, 120,253,815,424,0,705,527,11,0
2025-05-12T14:18:18.763Z, 121,253,845,425,0,705,529,12,0
2025-05-12T14:18:18.796Z, 120,252,869,423,0,704,526,11,0
2025-05-12T14:18:18.827Z, 120,252,901,424,0,705,527,11,0
2025-05-12T14:18:18.859Z, 121,253,930,426,0,705,530,11,0
2025-05-12T14:18:18.892Z, 120,253,955,425,0,705,529,11,0
2025-05-12T14:18:18.924Z, 121,253,980,425,0,704,529,11,0
2025-05-12T14:18:18.957Z, 121,254,1003,427,0,705,531,11,0
2025-05-12T14:18:18.989Z, 122,252,1013,423,0,704,524,9,0
2025-05-12T14:18:19.022Z, 120,263,1016,428,1,693,553,11,0
2025-05-12T14:18:19.056Z, 120,235,1023,414,0,705,518,11,0
2025-05-12T14:18:19.088Z, 121,224,1023,424,0,705,524,9,0
2025-05-12T14:18:19.120Z, 121,206,1023,425,0,705,528,9,0
2025-05-12T14:18:19.153Z, 122,176,1023,424,0,705,528,10,0
2025-05-12T14:18:19.187Z, 120,140,1023,423,0,705,528,11,0
2025-05-12T14:18:19.218Z, 122,98,1023,424,0,705,530,9,0
2025-05-12T14:18:19.249Z, 122,54,1023,424,0,705,530,9,0
2025-05-12T14:18:19.280Z, 121,8,1023,424,0,705,530,10,0
2025-05-12T14:18:19.311Z, 120,5,1023,439,7,700,542,0,0
2025-05-12T14:18:19.341Z, 121,0,1023,424,0,705,529,9,0
2025-05-12T14:18:19.372Z, 120,1,1023,418,0,703,524,11,0
2025-05-12T14:18:19.402Z, 121,1,1023,422,0,705,521,9,0
2025-05-12T14:18:19.433Z, 120,0,1022,423,1,705,525,10,0
2025-05-12T14:18:19.463Z, 122,0,1023,423,0,706,520,8,0
2025-05-12T14:18:19.494Z, 121,0,1023,423,0,705,523,9,0
2025-05-12T14:18:19.525Z, 121,1,1023,424,0,705,526,11,0
2025-05-12T14:18:19.556Z, 120,0,1022,423,0,708,528,11,0
2025-05-12T14:18:19.586Z, 122,0,1023,426,0,703,527,8,0
2025-05-12T14:18:19.616Z, 122,1,1023,423,0,705,527,9,0
2025-05-12T14:18:19.647Z, 121,0,1022,424,0,707,529,12,0
2025-05-12T14:18:19.678Z, 122,0,1023,422,0,707,525,8,0
2025-05-12T14:18:19.708Z, 121,1,1023,423,0,704,524,9,0
2025-05-12T14:18:19.739Z, 122,1,1023,424,0,704,528,11,0
2025-05-12T14:18:19.770Z, 120,0,1022,423,0,707,529,11,0
2025-05-12T14:18:19.800Z, 122,0,1023,427,0,702,527,8,0
2025-05-12T14:18:19.830Z, 121,0,1012,420,0,704,521,9,0
2025-05-12T14:18:19.862Z, 122,13,986,424,0,705,524,11,0
2025-05-12T14:18:19.893Z, 121,65,965,423,0,705,525,10,0
2025-05-12T14:18:19.925Z, 121,115,940,421,0,703,521,10,0
2025-05-12T14:18:19.958Z, 121,177,919,424,0,704,523,11,0
2025-05-12T14:18:19.989Z, 120,238,893,424,0,704,525,11,0
2025-05-12T14:18:20.021Z, 121,305,866,425,0,704,527,11,0
2025-05-12T14:18:20.054Z, 120,371,840,424,0,704,527,11,0
2025-05-12T14:18:20.086Z, 120,430,816,424,0,704,528,11,0
2025-05-12T14:18:20.118Z, 120,485,792,424,0,705,528,11,0
2025-05-12T14:18:20.150Z, 120,545,765,424,0,704,527,11,0
2025-05-12T14:18:20.183Z, 120,596,737,424,0,704,528,11,0
2025-05-12T14:18:20.215Z, 120,632,709,424,0,705,527,11,0
2025-05-12T14:18:20.247Z, 120,654,681,424,0,705,527,11,0
2025-05-12T14:18:20.280Z, 121,669,655,424,0,704,527,11,0
2025-05-12T14:18:20.312Z, 121,685,626,423,0,705,523,11,0
2025-05-12T14:18:20.344Z, 121,700,598,424,0,703,523,11,0
2025-05-12T14:18:20.377Z, 120,720,571,424,0,704,524,11,0
2025-05-12T14:18:20.409Z, 120,740,544,425,0,704,525,11,0
2025-05-12T14:18:20.441Z, 121,760,520,424,0,704,526,11,0
2025-05-12T14:18:20.473Z, 121,788,498,425,0,704,528,11,0
2025-05-12T14:18:20.505Z, 120,817,478,425,0,704,528,11,0
2025-05-12T14:18:20.537Z, 121,839,459,425,0,704,528,11,0
2025-05-12T14:18:20.569Z, 121,855,439,424,0,704,528,11,0
2025-05-12T14:18:20.602Z, 121,869,420,425,0,704,528,11,0
2025-05-12T14:18:20.634Z, 121,881,402,424,0,705,527,11,0
2025-05-12T14:18:20.666Z, 120,890,388,424,0,704,527,11,0
2025-05-12T14:18:20.698Z, 121,892,378,425,0,704,527,11,0
2025-05-12T14:18:20.731Z, 120,896,371,425,0,704,527,11,0
2025-05-12T14:18:20.763Z, 121,901,364,425,0,704,527,11,0
2025-05-12T14:18:20.796Z, 120,907,353,424,0,705,527,11,0
2025-05-12T14:18:20.828Z, 121,913,340,424,0,704,527,11,0
2025-05-12T14:18:20.860Z, 120,920,325,425,0,704,528,11,0
2025-05-12T14:18:20.892Z, 120,925,310,424,0,704,527,11,0
2025-05-12T14:18:20.924Z, 120,926,297,424,0,704,527,11,0
2025-05-12T14:18:20.956Z, 121,926,285,424,0,704,527,11,0
2025-05-12T14:18:20.988Z, 120,927,275,424,0,704,527,11,0
2025-05-12T14:18:21.021Z, 121,926,266,424,0,704,527,11,0
2025-05-12T14:18:21.053Z, 121,928,259,424,0,704,527,11,0
2025-05-12T14:18:21.085Z, 121,927,256,424,0,704,527,11,0
2025-05-12T14:18:21.116Z, 122,929,255,426,0,705,525,8,0
2025-05-12T14:18:21.148Z, 123,925,253,425,1,703,528,10,0
2025-05-12T14:18:21.181Z, 121,928,253,425,0,706,526,10,0
2025-05-12T14:18:21.213Z, 121,930,255,423,0,705,527,11,0
2025-05-12T14:18:21.258Z, 120,926,253,424,0,703,527,11,0
2025-05-12T14:18:21.276Z, 123,928,254,425,0,705,525,8,0
2025-05-12T14:18:21.308Z, 120,929,254,424,0,706,527,9,0
2025-05-12T14:18:21.668Z, 122,925,254,424,0,705,526,10,0
2025-05-12T14:18:21.703Z, 121,921,253,423,0,705,525,10,0
2025-05-12T14:18:21.738Z, 121,918,253,423,0,705,524,10,0
2025-05-12T14:18:22.009Z, 122,915,254,425,0,705,526,9,0
2025-05-12T14:18:22.041Z, 122,918,255,424,0,706,527,10,0
2025-05-12T14:18:22.073Z, 123,916,254,424,0,703,528,11,0
2025-05-12T14:18:22.104Z, 122,918,254,426,0,703,528,8,0
2025-05-12T14:18:22.137Z, 120,918,255,423,0,706,527,10,0
2025-05-12T14:18:22.169Z, 123,913,253,426,0,706,528,11,0
2025-05-12T14:18:22.201Z, 122,918,254,425,0,703,527,11,0
2025-05-12T14:18:22.232Z, 122,914,253,424,0,704,527,9,0
2025-05-12T14:18:22.265Z, 120,918,255,424,0,704,527,11,0
2025-05-12T14:18:22.297Z, 122,916,254,426,0,705,525,8,0
2025-05-12T14:18:22.329Z, 123,913,252,425,1,704,528,10,0
2025-05-12T14:18:22.361Z, 122,916,252,425,0,706,526,10,0
2025-05-12T14:18:22.392Z, 122,918,255,424,0,703,527,11,0
2025-05-12T14:18:22.425Z, 120,918,255,423,0,706,528,10,0
2025-05-12T14:18:22.456Z, 121,918,255,424,0,706,527,8,0
2025-05-12T14:18:37.368Z, 122,916,254,424,0,704,526,11,0
2025-05-12T14:18:41.525Z, 122,917,254,423,0,704,523,10,0
2025-05-12T14:18:41.557Z, 122,918,255,425,0,706,530,9,0
2025-05-12T14:18:41.589Z, 121,907,253,423,0,704,531,10,0
2025-05-12T14:18:41.620Z, 123,923,257,427,0,706,533,8,0
2025-05-12T14:18:41.716Z, 119,902,250,417,0,702,521,11,0
2025-05-12T14:18:41.748Z, 121,906,248,421,0,707,520,14,0
2025-05-12T14:18:41.779Z, 120,912,251,424,0,704,518,8,0
2025-05-12T14:18:41.811Z, 122,917,253,424,0,703,516,10,0
2025-05-12T14:18:41.842Z, 122,916,254,425,1,703,522,9,0
2025-05-12T14:18:41.875Z, 122,918,254,426,0,705,526,10,0
2025-05-12T14:18:41.907Z, 120,921,256,426,0,706,529,11,0
2025-05-12T14:18:41.940Z, 120,917,254,424,0,706,524,10,0
